{
  "0": {
    "precision": 0.9501837484687627,
    "recall": 0.9549931600547196,
    "f1-score": 0.9525823838438972,
    "support": 7310.0
  },
  "1": {
    "precision": 0.6307519640852974,
    "recall": 0.6056034482758621,
    "f1-score": 0.6179219351291919,
    "support": 928.0
  },
  "accuracy": 0.9156348628307842,
  "macro avg": {
    "precision": 0.7904678562770301,
    "recall": 0.7802983041652909,
    "f1-score": 0.7852521594865445,
    "support": 8238.0
  },
  "weighted avg": {
    "precision": 0.9142001728547963,
    "recall": 0.9156348628307842,
    "f1-score": 0.9148833189729034,
    "support": 8238.0
  }
}