{
  "0": {
    "precision": 0.986737400530504,
    "recall": 0.8651162790697674,
    "f1-score": 0.9219330855018587,
    "support": 7310.0
  },
  "1": {
    "precision": 0.46090759978130125,
    "recall": 0.9084051724137931,
    "f1-score": 0.6115342763873776,
    "support": 928.0
  },
  "accuracy": 0.8699927166788055,
  "macro avg": {
    "precision": 0.7238225001559027,
    "recall": 0.8867607257417802,
    "f1-score": 0.7667336809446181,
    "support": 8238.0
  },
  "weighted avg": {
    "precision": 0.9275033564548473,
    "recall": 0.8699927166788055,
    "f1-score": 0.8869670628193825,
    "support": 8238.0
  }
}