{
  "0": {
    "precision": 0.9805429864253393,
    "recall": 0.8893296853625171,
    "f1-score": 0.9327116212338594,
    "support": 7310.0
  },
  "1": {
    "precision": 0.4968905472636816,
    "recall": 0.8609913793103449,
    "f1-score": 0.6301261829652997,
    "support": 928.0
  },
  "accuracy": 0.8861374119932023,
  "macro avg": {
    "precision": 0.7387167668445105,
    "recall": 0.875160532336431,
    "f1-score": 0.7814189020995795,
    "support": 8238.0
  },
  "weighted avg": {
    "precision": 0.9260601673500761,
    "recall": 0.8861374119932023,
    "f1-score": 0.8986257646287096,
    "support": 8238.0
  }
}