{
  "0": {
    "precision": 0.9417096639241389,
    "recall": 0.9238030095759234,
    "f1-score": 0.9326703956909054,
    "support": 7310.0
  },
  "1": {
    "precision": 0.47797563261480785,
    "recall": 0.5495689655172413,
    "f1-score": 0.5112781954887218,
    "support": 928.0
  },
  "accuracy": 0.8816460305899491,
  "macro avg": {
    "precision": 0.7098426482694734,
    "recall": 0.7366859875465823,
    "f1-score": 0.7219742955898136,
    "support": 8238.0
  },
  "weighted avg": {
    "precision": 0.889470627622238,
    "recall": 0.8816460305899491,
    "f1-score": 0.8852011116671585,
    "support": 8238.0
  }
}