{
  "LogisticRegression": {
    "accuracy": 0.8699927166788055,
    "precision": 0.46090759978130125,
    "recall": 0.9084051724137931,
    "f1": 0.6115342763873776,
    "classification_report": {
      "0": {
        "precision": 0.986737400530504,
        "recall": 0.8651162790697674,
        "f1-score": 0.9219330855018587,
        "support": 7310.0
      },
      "1": {
        "precision": 0.46090759978130125,
        "recall": 0.9084051724137931,
        "f1-score": 0.6115342763873776,
        "support": 928.0
      },
      "accuracy": 0.8699927166788055,
      "macro avg": {
        "precision": 0.7238225001559027,
        "recall": 0.8867607257417802,
        "f1-score": 0.7667336809446181,
        "support": 8238.0
      },
      "weighted avg": {
        "precision": 0.9275033564548473,
        "recall": 0.8699927166788055,
        "f1-score": 0.8869670628193825,
        "support": 8238.0
      }
    },
    "confusion_matrix": [
      [
        6324,
        986
      ],
      [
        85,
        843
      ]
    ],
    "has_proba": true
  },
  "DecisionTree": {
    "accuracy": 0.8816460305899491,
    "precision": 0.47797563261480785,
    "recall": 0.5495689655172413,
    "f1": 0.5112781954887218,
    "classification_report": {
      "0": {
        "precision": 0.9417096639241389,
        "recall": 0.9238030095759234,
        "f1-score": 0.9326703956909054,
        "support": 7310.0
      },
      "1": {
        "precision": 0.47797563261480785,
        "recall": 0.5495689655172413,
        "f1-score": 0.5112781954887218,
        "support": 928.0
      },
      "accuracy": 0.8816460305899491,
      "macro avg": {
        "precision": 0.7098426482694734,
        "recall": 0.7366859875465823,
        "f1-score": 0.7219742955898136,
        "support": 8238.0
      },
      "weighted avg": {
        "precision": 0.889470627622238,
        "recall": 0.8816460305899491,
        "f1-score": 0.8852011116671585,
        "support": 8238.0
      }
    },
    "confusion_matrix": [
      [
        6753,
        557
      ],
      [
        418,
        510
      ]
    ],
    "has_proba": true
  },
  "RandomForest": {
    "accuracy": 0.9156348628307842,
    "precision": 0.6307519640852974,
    "recall": 0.6056034482758621,
    "f1": 0.6179219351291919,
    "classification_report": {
      "0": {
        "precision": 0.9501837484687627,
        "recall": 0.9549931600547196,
        "f1-score": 0.9525823838438972,
        "support": 7310.0
      },
      "1": {
        "precision": 0.6307519640852974,
        "recall": 0.6056034482758621,
        "f1-score": 0.6179219351291919,
        "support": 928.0
      },
      "accuracy": 0.9156348628307842,
      "macro avg": {
        "precision": 0.7904678562770301,
        "recall": 0.7802983041652909,
        "f1-score": 0.7852521594865445,
        "support": 8238.0
      },
      "weighted avg": {
        "precision": 0.9142001728547963,
        "recall": 0.9156348628307842,
        "f1-score": 0.9148833189729034,
        "support": 8238.0
      }
    },
    "confusion_matrix": [
      [
        6981,
        329
      ],
      [
        366,
        562
      ]
    ],
    "has_proba": true
  },
  "RandomForest_GridSearch": {
    "best_params": {
      "model__max_depth": 10,
      "model__min_samples_split": 2,
      "model__n_estimators": 200
    },
    "classification_report": {
      "0": {
        "precision": 0.9805429864253393,
        "recall": 0.8893296853625171,
        "f1-score": 0.9327116212338594,
        "support": 7310.0
      },
      "1": {
        "precision": 0.4968905472636816,
        "recall": 0.8609913793103449,
        "f1-score": 0.6301261829652997,
        "support": 928.0
      },
      "accuracy": 0.8861374119932023,
      "macro avg": {
        "precision": 0.7387167668445105,
        "recall": 0.875160532336431,
        "f1-score": 0.7814189020995795,
        "support": 8238.0
      },
      "weighted avg": {
        "precision": 0.9260601673500761,
        "recall": 0.8861374119932023,
        "f1-score": 0.8986257646287096,
        "support": 8238.0
      }
    },
    "confusion_matrix": [
      [
        6501,
        809
      ],
      [
        129,
        799
      ]
    ],
    "has_proba": true
  }
}